&amp,156
&copy,101
.,1582
..,515
//www.minecraftwiki.net/index.php,101
ab,262
account,211
actions,106
added,341
admin,101
adventure,125
advertising,101
affiliated,101
ahead,105
aion,101
alpha,231
also,506
area,116
arena,203
armor,339
armory,101
around,138
article,154
articles,118
available,202
back,213
bar,124
become,134
bed,160
beta,247
biome,131
biomes,121
block,1146
blocks,1127
blog,108
brewing,172
brick,125
browse,101
bug,134
bugs,123
bukkit,209
byncsa,101
cc,101
champions,103
chance,123
changes,265
channel,120
chest,136
chests,119
chunk,104
circuit,132
classic,325
cobblestone,119
community,407
computer,129
content,220
contents,103
controls,103
copyrights,101
core,113
coverage,102
crafting,433
create,201
creative,288
curse,810
curse.com,108
curseforge,101
damage,304
darth,101
darthhater,202
data,205
database,202
dayz,103
db,203
defiance,101
development,157
diablofans,202
diamond,103
different,137
directors,101
disclaimers,101
dominate,101
door,119
dota,101
drop,214
dropped,123
drops,128
dungeon,169
edit,1072
edition,749
effect,106
enchanting,143
end,147
ender,145
enjoy,103
entities,118
entity,189
even,167
exilepro,101
experience,121
explore,116
facebook,106
fall,102
featured,111
features,353
file,151
fire,287
first,216
fix,260
fixed,104
food,191
format,467
forum,215
forums,414
found,144
fps,102
francisco,101
free,240
full,119
game,657
gamepedia,202
gameplay,111
general,128
generated,116
get,260
getting,132
glass,151
gold,129
golden,137
grass,115
greatest,102
grow,101
guides,109
guild,404
guru,303
gwdb,303
handcrafted,101
hater,101
health,173
hearthstone,101
help,177
history,429
hostile,113
however,182
http,291
https,169
hunger,118
huntsville,101
ice,138
inc.,202
indev,117
inventory,283
irc,111
iron,253
issue,145
item,453
items,546
jobs,101
jump,159
junkies,202
keep,146
languages,101
last,138
latest,119
lava,188
leaves,137
level,427
licensors.,101
light,253
like,154
link,113
links,122
list,354
log,110
lol,303
lolpro,101
longer,107
made,117
main,245
make,215
many,103
map,156
marriland,101
materials,148
may,257
mcpe,184
member,206
menu,110
minecraft,1831
mmochampion,404
mob,395
mobs,668
mode,346
modified,117
mods,167
mojang,599
monster,170
multiplayer,158
museum,102
mushroom,111
must,149
n't,293
name,121
namespaces,101
navigation,109
nether,340
neverwinter,101
new,255
newsletter,101
notch,155
note,147
noticeboard,101
number,109
official,123
oldid,101
one,511
online,241
open,102
ore,128
pack,228
packs,131
page,662
pages,215
part,142
pc,169
permanent,109
personal,104
pi,101
place,198
placed,232
play,112
player,1104
players,330
pocket,334
policy,203
portal,192
possible,132
potion,164
premium,207
printable,101
privacy,202
pro,307
projects,103
random,165
read,115
recent,208
redstone,523
references,137
related,112
reserved,101
resource,157
resources,128
retrieved,106
rights,101
rules,123
san,101
sand,124
scmapster,101
screen,161
search,229
see,358
server,564
servers,104
service,204
set,133
sign,141
site,114
sites,224
skeletons,104
skin,106
skyrimforge,101
slab,102
slabs,212
snow,111
sometimes,109
source,125
spawn,583
spawner,289
spawners,115
spawning,223
special,127
stairs,129
steam,103
still,158
stone,331
survival,296
table,122
take,107
talk,106
terms,211
terraria,303
texture,245
time,190
title,113
tnt,116
toolbox,101
tools,221
top,271
torch,129
torches,122
tracker,106
trademarks,101
tree,145
trees,167
tweets,102
tweets..,101
two,163
type,190
types,107
tyria,202
upcoming,225
update,297
us,107
use,236
used,291
useful,139
using,253
value,143
values,123
variants,107
version,560
versions,118
video,120
view,262
views,101
wa,179
wars,404
water,520
way,123
website,124
wiki,1459
wildstar,202
within,108
without,138
wood,191
wooden,180
wool,102
world,296
would,139
wow,202
wowace,101
wowpedia,101
wowstead,202
x,274
xbox,334
yes,287
youtube,105
zombie,123
zombies,110
zybez,101
